Vehicle_ID,Frame_ID,Local_X,Local_Y,v_Vel
579,330,-24.989,47.7988,6.94142
579,331,-24.8476,47.6628,6.91831
579,332,-24.7035,47.5278,6.89441
579,333,-24.5573,47.3935,6.86968
579,334,-24.4102,47.2594,6.84412
579,335,-24.2626,47.1253,6.81776
579,336,-24.1153,46.991,6.79067
579,337,-23.9691,46.8563,6.76291
579,338,-23.8243,46.7211,6.73459
579,339,-23.6826,46.585,6.70582
579,340,-23.4079,46.3101,6.64741
579,341,-23.4079,46.3101,6.64741
579,342,-23.2764,46.1709,6.61802
579,343,-23.0239,45.8898,6.55947
579,344,-22.9011,45.7489,6.53053
579,345,-22.7794,45.6083,6.50195
579,346,-22.6582,45.4682,6.47379
579,347,-22.5372,45.3287,6.44613
579,348,-22.4169,45.1894,6.41902
579,349,-22.2972,45.0503,6.39249
579,350,-22.0576,44.7727,6.34119
579,351,-21.9359,44.6348,6.31641
579,352,-21.8126,44.4973,6.29218
579,353,-21.6879,44.3602,6.26844
579,354,-21.5601,44.224,6.24515
579,355,-21.2981,43.9533,6.19965
579,356,-21.1657,43.8179,6.17731
579,357,-21.0325,43.6827,6.15513
579,358,-20.8992,43.5474,6.13305
579,359,-20.7664,43.412,6.111
579,360,-20.6347,43.2762,6.08892
579,361,-20.6347,43.2762,6.08892
579,362,-20.3788,43.0024,6.04448
579,363,-20.2542,42.8648,6.02203
579,364,-20.0112,42.5881,5.97657
579,365,-19.8941,42.4483,5.95354
579,366,-19.7793,42.3081,5.93032
579,367,-19.6663,42.1676,5.90693
579,368,-19.5547,42.027,5.88338
579,369,-19.4439,41.8866,5.85972
579,370,-19.3341,41.7463,5.83596
579,371,-19.225,41.6062,5.81217
579,372,-19.0073,41.3272,5.7646
579,373,-18.8981,41.1883,5.74091
579,374,-18.7885,41.0498,5.71734
579,375,-18.6784,40.9116,5.69392
579,376,-18.5673,40.774,5.67069
579,377,-18.4552,40.6367,5.64767
579,378,-18.3424,40.4996,5.62488
579,379,-18.1149,40.2257,5.58006
579,380,-17.9996,40.0892,5.55803
579,381,-17.9996,40.0892,5.55803
579,382,-17.7684,39.8161,5.51475
579,383,-17.6531,39.6795,5.49347
579,384,-17.5383,39.5426,5.4724
579,385,-17.4244,39.4055,5.45153
579,386,-17.3119,39.2681,5.43083
579,387,-17.091,38.9925,5.38984
579,388,-16.9832,38.8542,5.3695
579,389,-16.8773,38.7156,5.34922
579,390,-16.7729,38.577,5.32898
579,391,-16.67,38.4382,5.30875
579,392,-16.5685,38.2993,5.28853
579,393,-16.3676,38.022,5.24804
579,394,-16.2676,37.8837,5.22775
579,395,-16.1678,37.7456,5.20743
579,396,-16.0679,37.6077,5.18708
579,397,-15.867,37.3324,5.14631
579,398,-15.7654,37.195,5.12592
579,399,-15.6632,37.0578,5.10554
579,400,-15.5596,36.9209,5.08518
579,401,-15.5596,36.9209,5.08518
579,402,-15.3498,36.6476,5.04461
579,403,-15.139,36.3741,5.00436
579,404,-15.0332,36.2371,5.04733
579,405,-14.9258,36.1,5.12198
579,406,-14.818,35.9627,5.14319
579,407,-14.7123,35.825,5.09306
579,408,-14.6088,35.687,5.04762
579,409,-14.4059,35.4106,5.0226
579,410,-14.3067,35.2721,5.0127
579,411,-14.2091,35.1335,4.99958
579,412,-14.1117,34.995,5.01918
579,413,-14.0158,34.8564,4.97913
579,414,-13.9293,34.7179,4.44574
579,415,-13.7775,34.4414,4.00073
579,416,-13.7027,34.3035,3.95106
579,417,-13.628,34.1659,3.91185
579,418,-13.553,34.0284,3.88568
579,419,-13.477,33.8911,3.8749
579,420,-13.3209,33.617,3.90836
579,421,-13.3209,33.617,3.90836
579,422,-13.1588,33.3423,4.01348
579,423,-13.0752,33.2046,4.08676
579,424,-12.989,33.0669,4.16855
579,425,-12.8094,32.7917,4.34868
579,426,-12.7163,32.654,4.44374
579,427,-12.6215,32.5164,4.53702
579,428,-12.5259,32.3784,4.6203
579,429,-12.3345,32.1022,4.71863
579,430,-12.2394,31.964,4.71958
579,431,-12.1463,31.8258,4.69191
579,432,-12.0553,31.6875,4.64455
579,433,-11.9661,31.5492,4.58978
579,434,-11.8786,31.4112,4.53221
579,435,-11.7083,31.1354,4.41843
579,436,-11.6249,30.9977,4.36276
579,437,-11.5421,30.8603,4.30801
579,438,-11.4597,30.723,4.25807
579,439,-11.2955,30.4485,4.18561
579,440,-11.2127,30.3114,4.16461
579,441,-11.2127,30.3114,4.16461
579,442,-11.1291,30.1741,4.15218
579,443,-10.9603,29.8992,4.14773
579,444,-10.8745,29.7616,4.15098
579,445,-10.7008,29.4861,4.15544
579,446,-10.6136,29.3481,4.15254
579,447,-10.5268,29.21,4.14465
579,448,-10.4408,29.0718,4.13158
579,449,-10.3557,28.9334,4.11377
579,450,-10.1889,28.6564,4.0677
579,451,-10.1078,28.5163,4.04426
579,452,-10.0281,28.3754,4.03009
579,453,-9.94929,28.2341,4.02785
579,454,-9.87141,28.0926,4.04031
579,455,-9.71584,27.809,4.11779
579,456,-9.63677,27.6672,4.17991
579,457,-9.55599,27.5254,4.25304
579,458,-9.47319,27.3835,4.33419
579,459,-9.30081,27.0994,4.51345
579,460,-9.21055,26.9571,4.6092
579,461,-9.21055,26.9571,4.6092
579,462,-9.02152,26.6715,4.80899
579,463,-8.92307,26.5281,4.91192
579,464,-8.82146,26.3843,5.01633
579,465,-8.71683,26.2402,5.12185
579,466,-8.50007,25.9507,5.32701
579,467,-8.38919,25.8057,5.35826
579,468,-8.27887,25.6605,5.34702
579,469,-8.16889,25.5153,5.33488
579,470,-8.05926,25.37,5.33744
579,471,-7.84267,25.0791,5.37274
579,472,-7.73473,24.9336,5.43105
579,473,-7.62749,24.788,5.51412
579,474,-7.51659,24.642,5.70407
579,475,-7.29175,24.3503,5.78306
579,476,-7.17873,24.2045,5.84883
579,477,-7.06516,24.0588,5.88448
579,478,-6.95092,23.9125,5.9013
579,479,-6.83668,23.7655,5.89209
579,480,-6.72187,23.6178,5.88815
579,481,-6.60661,23.4695,5.88726
579,482,-6.37433,23.1708,5.92535
579,483,-6.25102,23.0189,6.25984
579,484,-6.12129,22.8644,6.52019
579,485,-5.98559,22.7078,6.76165
579,486,-5.69923,22.3893,7.19109
579,487,-5.55001,22.2275,7.38279
579,488,-5.39782,22.0634,7.55457
579,489,-5.24328,21.8966,7.71271
579,490,-5.08658,21.7276,7.86467
579,491,-4.76788,21.3838,8.14012
579,492,-4.60719,21.2087,8.24247
579,493,-4.44632,21.0311,8.31744
579,494,-4.28619,20.8512,8.36676
579,495,-3.96932,20.4873,8.36577
579,496,-3.81304,20.3033,8.32484
579,497,-3.65847,20.1175,8.2822
579,498,-3.50544,19.9299,8.23877
579,499,-3.2036,19.5495,8.13751
579,500,-3.05472,19.3558,8.08284
579,501,-3.05472,19.3558,8.08284
579,502,-2.90698,19.1599,8.0337
579,503,-2.61475,18.7614,7.95399
579,504,-2.32655,18.3524,7.87941
579,505,-2.18407,18.1437,7.85675
579,506,-2.04269,17.9324,7.84405
579,507,-1.90238,17.7187,7.84071
579,508,-1.76357,17.5022,7.83406
579,509,-1.48974,17.0611,7.85117
579,510,-1.35453,16.8371,7.87248
579,511,-1.22111,16.6109,7.9
579,512,-1.08988,16.3823,7.91993
579,513,-0.960778,16.1511,7.94637
579,514,-0.708132,15.6826,8.00486
579,515,-0.58448,15.4455,8.03471
579,516,-0.462816,15.2062,8.05054
579,517,-0.343292,14.9647,8.06769
579,518,-0.225572,14.7211,8.08245
579,519,0.0053573,14.228,8.10671
579,520,0.118325,13.9782,8.10215
579,521,0.118325,13.9782,8.10215
579,522,0.229358,13.7259,8.09887
579,523,0.446028,13.2144,8.09015
579,524,0.552198,12.9552,8.08537
579,525,0.758468,12.4296,8.05322
579,526,0.858242,12.1633,8.04108
579,527,0.956361,11.8951,8.03153
579,528,1.14455,11.3525,7.98334
579,529,1.23359,11.0784,7.96466
579,530,1.31905,10.8029,7.95277
579,531,1.40118,10.5263,7.94783
579,532,1.55647,9.96994,7.95479
579,533,1.62978,9.6905,7.96473
579,534,1.70041,9.41036,7.97761
579,535,1.76865,9.12945,7.99242
579,536,1.89579,8.56499,7.99498
579,537,1.95434,8.28141,7.99912
579,538,2.01722,7.99538,8.00648
579,539,2.08959,7.70551,8.01633
579,540,2.26889,7.1106,8.03939
579,541,2.26889,7.1106,8.03939
579,542,2.37542,6.80416,8.05093
579,543,2.61361,6.17105,8.07078
579,544,2.7365,5.84487,8.06694
579,545,2.85152,5.51476,8.06294
579,546,3.02602,4.85841,8.05901
579,547,3.07884,4.53877,8.0585
579,548,3.11081,4.22674,8.05842
579,549,3.12445,3.62715,8.05841
579,550,3.11192,3.33982,8.05811
579,551,3.09121,3.05953,8.05747
579,552,3.06615,2.78404,8.05309
579,553,3.01655,2.23828,8.04969
579,554,2.99676,1.96379,8.0483
579,555,2.98109,1.68705,8.04701
579,556,2.96201,1.12576,8.04456
579,557,2.95743,0.841863,8.04337
579,558,2.95547,0.556119,8.0422
579,559,2.95771,-0.0210263,8.04
579,560,2.96077,-0.311807,8.03902
579,561,2.96077,-0.311807,8.03902
579,562,2.96881,-0.89647,8.03741
579,563,2.97756,-1.48353,8.03636
579,564,2.98171,-1.77768,8.03608
579,565,2.98865,-2.3673,8.03597
579,566,2.99122,-2.66273,8.03612
579,567,2.99314,-2.95853,8.03641
579,568,2.99545,-3.55081,8.03727
579,569,2.99594,-3.84748,8.0378
579,570,2.99606,-4.14468,8.03838
579,571,2.99591,-4.74104,8.03986
579,572,2.99533,-5.04047,8.04044
579,573,2.99429,-5.34075,8.04095
579,574,2.99286,-5.6417,8.04138
579,575,2.98914,-6.24497,8.04197
579,576,2.98699,-6.54693,8.04214
579,577,2.98223,-7.15055,8.04224
579,578,2.9798,-7.452,8.04218
579,579,2.97742,-7.75326,8.04206
579,580,2.97391,-8.35434,8.04168
579,581,2.97391,-8.35434,8.04168
579,582,2.97192,-8.95326,8.04119
579,583,2.97129,-9.25184,8.04092
579,584,2.97092,-9.5498,8.04067
580,2610,24.9037,26.7158,7.02418
580,2611,24.764,26.5697,6.97405
580,2612,24.6252,26.4234,6.92805
580,2613,24.4873,26.2772,6.88636
580,2614,24.3501,26.1312,6.84911
580,2615,24.2136,25.9855,6.81635
580,2616,24.0777,25.8402,6.78803
580,2617,23.9423,25.6955,6.764
580,2618,23.8073,25.5514,6.744
580,2619,23.6726,25.4079,6.72764
580,2620,23.5383,25.2653,6.71439
580,2621,23.5383,25.2653,6.71439
580,2622,23.1364,24.8415,6.68688
580,2623,23.0027,24.7014,6.67943
580,2624,22.8692,24.5618,6.67165
580,2625,22.7359,24.4227,6.66293
580,2626,22.6028,24.2838,6.65271
580,2627,22.47,24.1449,6.64058
580,2628,22.2053,23.8665,6.6094
580,2629,22.0736,23.7265,6.59006
580,2630,21.9424,23.5855,6.5682
580,2631,21.8116,23.4437,6.5439
580,2632,21.6813,23.3009,6.51735
580,2633,21.5516,23.1571,6.48877
580,2634,21.4224,23.0123,6.45844
580,2635,21.2937,22.8668,6.42667
580,2636,21.1656,22.721,6.39378
580,2637,21.0383,22.5747,6.36011
580,2638,20.7856,22.2822,6.29176
580,2639,20.6603,22.1362,6.2577
580,2640,20.5356,21.9907,6.22409
580,2641,20.5356,21.9907,6.22409
580,2642,20.4117,21.8456,6.19119
580,2643,20.2884,21.7011,6.15922
580,2644,20.1657,21.5572,6.12835
580,2645,20.0437,21.414,6.09875
580,2646,19.9222,21.2717,6.07036
580,2647,19.8013,21.1302,6.04353
580,2648,19.5611,20.8494,5.9943
580,2649,19.4417,20.71,5.97178
580,2650,19.3228,20.571,5.95054
580,2651,19.3228,20.571,5.95054
580,2652,19.2044,20.4322,5.93045
580,2653,18.9688,20.1546,5.89306
580,2654,18.8515,20.0153,5.87536
580,2655,18.7346,19.8755,5.85805
580,2656,18.618,19.7348,5.8409
580,2657,18.5016,19.5934,5.82372
580,2658,18.3855,19.4509,5.80631
580,2659,18.2697,19.3075,5.78851
580,2660,18.1543,19.1631,5.77017
580,2661,18.1543,19.1631,5.77017
580,2662,17.8106,18.7264,5.711
580,2663,17.6971,18.5804,5.68977
580,2664,17.5839,18.4344,5.66778
580,2665,17.4712,18.2888,5.64509
580,2666,17.3591,18.1435,5.62176
580,2667,17.2474,17.9986,5.5979
580,2668,17.0257,17.7108,5.54896
580,2669,16.9158,17.5677,5.52413
580,2670,16.8067,17.425,5.4992
580,2671,16.8067,17.425,5.4992
580,2672,16.6982,17.2831,5.47431
580,2673,16.5902,17.1418,5.44956
580,2674,16.3758,16.861,5.40092
580,2675,16.2694,16.7211,5.37721
580,2676,16.1633,16.5815,5.35398
580,2677,16.0576,16.442,5.3313
580,2678,15.9525,16.3023,5.30922
580,2679,15.848,16.1618,5.28773
580,2680,15.7438,16.0209,5.26683
580,2681,15.7438,16.0209,5.26683
580,2682,15.6399,15.8791,5.24652
580,2683,15.5367,15.7364,5.22676
580,2684,15.3317,15.4476,5.18867
580,2685,15.1279,15.1554,5.15204
580,2686,15.0269,15.0078,5.134
580,2687,14.9263,14.8597,5.11614
580,2688,14.8266,14.711,5.09835
580,2689,14.7281,14.5613,5.08052
580,2690,14.6301,14.4118,5.06258
580,2691,14.5324,14.2626,5.04447
580,2692,14.4362,14.1127,5.02614
580,2693,14.3403,13.9636,5.00756
580,2694,14.2441,13.815,5.05199
580,2695,14.1469,13.6664,5.12756
580,2696,14.0482,13.5193,5.1488
580,2697,13.9507,13.3726,5.09909
580,2698,13.8555,13.2254,5.05819
580,2699,13.7631,13.0768,5.04354
580,2700,13.5795,12.7814,5.01744
580,2701,13.5795,12.7814,5.01744
580,2702,13.3206,12.3308,4.83549
580,2703,13.2368,12.1824,4.72546
580,2704,13.1552,12.0338,4.62884
580,2705,13.0773,11.8826,4.54727
580,2706,12.9983,11.7334,4.48297
580,2707,12.919,11.5844,4.43789
580,2708,12.767,11.278,4.41212
580,2709,12.6936,11.1203,4.43257
580,2710,12.6209,10.96,4.47032
580,2711,12.5515,10.7946,4.5186
580,2712,12.4818,10.6278,4.569
580,2713,12.415,10.4568,4.61345
580,2714,12.3466,10.2864,4.64512
580,2715,12.2779,10.1162,4.65915
580,2716,12.2135,9.94132,4.65223
580,2717,12.0859,9.59316,4.59204
580,2718,12.0293,9.41276,4.55016
580,2719,11.9715,9.23533,4.50294
580,2720,11.9116,9.06195,4.45394
580,2721,11.9116,9.06195,4.45394
580,2722,11.8551,8.88635,4.40684
580,2723,11.7428,8.53846,4.33026
580,2724,11.6818,8.37235,4.3043
580,2725,11.6199,8.20817,4.28682
580,2726,11.5633,8.03795,4.2767
580,2727,11.4561,7.69032,4.27015
580,2728,11.4561,7.69032,4.27015
580,2729,11.406,7.51139,4.26849
580,2730,11.3177,7.13528,4.26005
580,2731,11.2809,6.93514,4.25145
580,2732,11.2529,6.72088,4.23924
580,2733,11.227,6.50138,4.2235
580,2734,11.2022,6.27807,4.20468
580,2735,11.1827,6.04417,4.18479
580,2736,11.1691,5.798,4.16859
580,2737,11.1603,5.54032,4.16027
580,2738,11.1508,5.27957,4.16345
580,2739,11.1274,4.75021,4.20571
580,2740,11.1115,4.48501,4.2349
580,2741,11.1115,4.48501,4.2349
580,2742,11.0375,3.70788,4.3491
580,2743,11.0006,3.46346,4.40957
580,2744,10.9574,3.22793,4.48047
580,2745,10.9114,2.9924,4.55937
580,2746,10.8633,2.75465,4.64457
580,2747,10.8135,2.51263,4.73475
580,2748,10.7598,2.27207,4.82889
580,2749,10.702,2.03345,4.92618
580,2750,10.6391,1.80032,5.02597
580,2751,10.5717,1.57113,5.12766
580,2752,10.4997,1.34588,5.23068
580,2753,10.4243,1.12137,5.32798
580,2754,10.346,0.897206,5.35935
580,2755,10.267,0.669887,5.34702
580,2756,10.186,0.444044,5.33396
580,2757,10.103,0.218259,5.33375
580,2758,10.0178,-0.00801233,5.33931
580,2759,9.9305,-0.237114,5.35382
580,2760,9.84077,-0.471819,5.37582
580,2761,9.84077,-0.471819,5.37582
580,2762,9.74809,-0.711673,5.40621
580,2763,9.44741,-1.44322,5.52363
580,2764,9.33963,-1.67956,5.55864
580,2765,9.2285,-1.90932,5.61504
580,2766,9.11599,-2.1393,5.48833
580,2767,9.0029,-2.36985,5.31129
580,2768,8.8893,-2.59987,5.14679
580,2769,8.77992,-2.8315,4.61714
580,2770,8.67644,-3.06599,4.07537
580,2771,8.57877,-3.30342,3.53741
580,2772,8.57877,-3.30342,3.53741
580,2773,8.39707,-3.78647,2.756
580,2774,8.30076,-4.02199,3.02736
580,2775,8.30076,-4.02199,3.02736
580,2776,8.19727,-4.25157,3.25947
580,2777,7.97184,-4.69541,3.64716
580,2778,7.97184,-4.69541,3.64716
580,2779,7.85206,-4.90828,3.81708
580,2780,7.72747,-5.11697,3.97565
580,2781,7.72747,-5.11697,3.97565
580,2782,7.32376,-5.72406,4.4043
580,2783,7.18,-5.9196,4.53631
580,2784,7.03187,-6.1116,4.66456
580,2785,6.87956,-6.29977,4.78973
580,2786,6.72321,-6.4838,4.91238
580,2787,6.56305,-6.66313,5.03294
580,2788,6.49881,-6.58304,5.15174
580,2789,6.39925,-6.83729,5.15174
580,2790,6.23215,-7.00593,5.26839
580,2791,6.0621,-7.16881,5.36867
580,2792,5.89025,-7.32674,5.38564
580,2793,5.7175,-7.48059,5.38122
580,2794,5.5438,-7.62979,5.37234
580,2795,5.36935,-7.77411,5.3781
580,2796,5.36935,-7.77411,5.3781
580,2797,5.19428,-7.91323,5.38861
580,2798,5.01874,-8.04697,5.4087
580,2799,4.84277,-8.17518,5.43595
580,2800,4.66655,-8.29771,5.4717
580,2801,4.66655,-8.29771,5.4717
580,2802,4.13696,-8.63105,5.6255
580,2803,4.13696,-8.63105,5.6255
580,2804,3.96098,-8.73231,5.59057
580,2805,3.78545,-8.82944,5.59776
580,2806,3.6105,-8.92285,5.59194
580,2807,3.43606,-9.01272,5.59366
580,2808,3.26215,-9.09951,5.59124
580,2809,3.08851,-9.18337,5.61293
580,2810,2.91333,-9.25951,5.95134
580,2811,2.73644,-9.32749,6.23918
580,2812,2.73644,-9.32749,6.23918
580,2813,2.55823,-9.38819,6.50147
580,2814,2.37906,-9.44205,6.74124
580,2815,2.19926,-9.48932,6.96007
580,2816,2.01916,-9.53023,7.15354
580,2817,1.83911,-9.56502,7.31738
580,2818,1.65969,-9.59404,7.44435
580,2819,1.65969,-9.59404,7.44435
580,2820,1.48576,-9.61735,7.52741
580,2821,1.48576,-9.61735,7.52741
580,2822,1.00135,-9.66187,7.55686
580,2823,0.851271,-9.67096,7.50052
580,2824,0.709426,-9.67794,7.43721
580,2825,0.583704,-9.6828,7.37453
580,2826,0.583704,-9.6828,7.37453
580,2827,0.471368,-9.68616,7.31058
580,2828,0.369909,-9.68845,7.24576
580,2829,0.279138,-9.68998,7.1804
580,2830,0.2,-9.691,7.11488
580,2831,0.2,-9.691,7.11488
580,2832,0.130845,-9.69176,7.04959
580,2833,0.0698302,-9.69251,6.9849
580,2834,0.0156769,-9.69348,6.92115
580,2835,-0.0305774,-9.69488,6.85782
580,2836,-0.0305774,-9.69488,6.85782
580,2837,-0.0706644,-9.69696,6.79506
580,2838,-0.106132,-9.6999,6.73382
580,2839,-0.136699,-9.70393,6.67513
580,2840,-0.136699,-9.70393,6.67513
580,2841,-0.136699,-9.70393,6.67513
580,2842,-0.163842,-9.70922,6.62008
580,2843,-0.202711,-9.72438,6.52598
580,2844,-0.217118,-9.7344,6.48984
580,2845,-0.217118,-9.7344,6.48984
580,2846,-0.230667,-9.74596,6.4632
580,2847,-0.243761,-9.75893,6.4476
580,2848,-0.25679,-9.77303,6.44313
580,2849,-0.26971,-9.78791,6.44936
580,2850,-0.26971,-9.78791,6.44936
580,2851,-0.280017,-9.80327,6.46589
580,2852,-0.289562,-9.8186,6.49227
580,2853,-0.299318,-9.83342,6.52797
580,2854,-0.309522,-9.84736,6.57244
580,2855,-0.320399,-9.86009,6.62507
580,2856,-0.320399,-9.86009,6.62507
580,2857,-0.331977,-9.8713,6.68521
580,2858,-0.344139,-9.88075,6.75223
580,2859,-0.35639,-9.88822,6.82513
580,2860,-0.35639,-9.88822,6.82513
580,2861,-0.3686,-9.89356,6.90081
580,2862,-0.39275,-9.89782,7.03784
580,2863,-0.404794,-9.89701,7.08926
580,2864,-0.404794,-9.89701,7.08926
580,2865,-0.415904,-9.89464,7.12299
580,2866,-0.425971,-9.89111,7.1366
580,2867,-0.435127,-9.88689,7.12975
580,2868,-0.443364,-9.88238,7.1071
580,2869,-0.443364,-9.88238,7.1071
580,2870,-0.450743,-9.87792,7.0742
580,2871,-0.457418,-9.87381,7.03359
580,2872,-0.463324,-9.87034,6.98761
580,2873,-0.463324,-9.87034,6.98761
580,2874,-0.468371,-9.86778,6.93832
580,2875,-0.472576,-9.86646,6.88776
580,2876,-0.475764,-9.86662,6.83774
580,2877,-0.478092,-9.86853,6.78959
580,2878,-0.478092,-9.86853,6.78959
580,2879,-0.479109,-9.87247,6.74175
580,2880,-0.479113,-9.87864,6.69429
580,2881,-0.479113,-9.87864,6.69429
580,2882,-0.476402,-9.89804,6.6083
580,2883,-0.474296,-9.91097,6.57329
580,2884,-0.471559,-9.92572,6.54595
580,2885,-0.468432,-9.94193,6.52825
580,2886,-0.465135,-9.95908,6.52164
580,2887,-0.465135,-9.95908,6.52164
580,2888,-0.462004,-9.97662,6.52585
580,2889,-0.459203,-9.99409,6.54044
787,334,-24.7382,10.5085,6.96379
787,335,-24.5943,10.2747,6.94142
787,336,-24.4532,10.0356,6.91831
787,337,-24.1793,9.54281,6.86968
787,338,-24.0457,9.29135,6.84412
787,339,-24.0457,9.29135,6.84412
787,340,-23.7862,8.77587,6.79067
787,341,-23.5244,8.51444,6.73459
787,342,-23.4061,7.99594,6.70582
787,343,-23.2787,7.74268,6.67672
787,344,-23.0202,7.25371,6.61802
787,345,-22.8903,7.01542,6.58867
787,346,-22.7605,6.77954,6.55947
787,347,-22.6306,6.54622,6.53053
787,348,-22.3706,6.08676,6.47379
787,349,-22.2406,5.86016,6.44613
787,350,-22.1106,5.63469,6.41902
787,351,-21.8497,5.19089,6.36654
787,352,-21.7194,4.97015,6.34119
787,353,-21.5896,4.7481,6.31641
787,354,-21.3304,4.3042,6.26844
787,355,-21.2018,4.07956,6.24515
787,356,-21.0742,3.85118,6.22225
787,357,-20.9476,3.62031,6.19965
787,358,-20.6973,3.14959,6.15513
787,359,-20.6973,3.14959,6.15513
787,360,-20.4516,2.66602,6.111
787,361,-20.3301,2.42081,6.08892
787,362,-20.2097,2.17204,6.06677
787,363,-20.0901,1.92036,6.04448
787,364,-19.9712,1.66721,6.02203
787,365,-19.7346,1.1602,5.97657
787,366,-19.6169,0.906646,5.95354
787,367,-19.4993,0.655033,5.93032
787,368,-19.2644,0.161331,5.88338
787,369,-19.1472,-0.0810244,5.85972
787,370,-18.9137,-0.554573,5.81217
787,371,-18.7975,-0.786109,5.78837
787,372,-18.5667,-1.24157,5.74091
787,373,-18.4522,-1.4671,5.71734
787,374,-18.2254,-1.91133,5.67069
787,375,-18.1132,-2.13262,5.64767
787,376,-18.0018,-2.35564,5.62488
787,377,-17.7812,-2.80396,5.58006
787,378,-17.6719,-3.03162,5.55803
787,379,-17.6719,-3.03162,5.55803
787,380,-17.3452,-3.73825,5.49347
787,381,-17.2366,-3.97836,5.4724
787,382,-17.1281,-4.22061,5.45153
787,383,-16.9105,-4.71109,5.41028
787,384,-16.8015,-4.95799,5.38984
787,385,-16.6925,-5.20495,5.3695
787,386,-16.4747,-5.69616,5.32898
787,387,-16.3654,-5.94253,5.30875
787,388,-16.2553,-6.19009,5.28853
787,389,-16.145,-6.43741,5.2683
787,390,-15.9216,-6.92866,5.22775
787,391,-15.8127,-7.17033,5.20743
787,392,-15.705,-7.4102,5.18708
787,393,-15.4925,-7.88402,5.14631
787,394,-15.3896,-8.11488,5.12592
787,395,-15.1971,-8.56049,5.08518
787,396,-15.1032,-8.7788,5.06487
787,397,-15.0161,-8.98684,5.04461
787,398,-14.8879,-9.33126,5.00436
787,399,-14.8879,-9.33126,5.00436
787,400,-14.7693,-9.74027,5.14319
787,401,-14.7399,-9.87128,5.09306
1169,364,-24.9423,12.7845,6.96379
1169,365,-24.8071,12.547,6.94142
1169,366,-24.6707,12.3133,6.91831
1169,367,-24.3942,11.8552,6.86968
1169,368,-24.2547,11.6295,6.84412
1169,369,-24.1149,11.4049,6.81776
1169,370,-23.975,11.1803,6.79067
1169,371,-23.8355,10.9546,6.76291
1169,372,-23.5567,10.502,6.70582
1169,373,-23.4154,10.2789,6.67672
1169,374,-23.274,10.0558,6.64741
1169,375,-23.1334,9.83089,6.61802
1169,376,-22.8632,9.60272,6.55947
1169,377,-22.7238,9.13416,6.53053
1169,378,-22.5922,8.8935,6.50195
1169,379,-22.5922,8.8935,6.50195
1169,380,-22.4629,8.64936,6.47379
1169,381,-22.2096,8.15432,6.41902
1169,382,-22.0854,7.90393,6.39249
1169,383,-21.9624,7.65262,6.36654
1169,384,-21.7179,7.15291,6.31641
1169,385,-21.5956,6.90678,6.29218
1169,386,-21.4729,6.66419,6.26844
1169,387,-21.3496,6.42546,6.24515
1169,388,-21.2259,6.19055,6.22225
1169,389,-20.9783,5.72756,6.17731
1169,390,-20.8557,5.49498,6.15513
1169,391,-20.7339,5.26162,6.13305
1169,392,-20.6125,5.02759,6.111
1169,393,-20.3708,4.55803,6.06677
1169,394,-20.2503,4.32261,6.04448
1169,395,-20.1289,4.09094,6.02203
1169,396,-20.0067,3.86293,5.9994
1169,397,-19.8842,3.6369,5.97657
1169,398,-19.6401,3.18417,5.93032
1169,399,-19.6401,3.18417,5.93032
1169,400,-19.5192,2.95468,5.90693
1169,401,-19.3995,2.72185,5.88338
1169,402,-19.1629,2.24948,5.83596
1169,403,-19.0457,2.0118,5.81217
1169,404,-18.8139,1.53187,5.7646
1169,405,-18.6992,1.28977,5.74091
1169,406,-18.5851,1.04666,5.71734
1169,407,-18.4716,0.803168,5.69392
1169,408,-18.3586,0.559948,5.67069
1169,409,-18.2462,0.313713,5.64767
1169,410,-18.1343,0.064847,5.62488
1169,411,-17.9113,-0.433791,5.58006
1169,412,-17.8001,-0.680489,5.55803
1169,413,-17.6889,-0.924004,5.53627
1169,414,-17.578,-1.16372,5.51475
1169,415,-17.4675,-1.39985,5.49347
1169,416,-17.248,-1.86281,5.45153
1169,417,-17.1393,-2.09077,5.43083
1169,418,-17.0312,-2.31749,5.41028
1169,419,-17.0312,-2.31749,5.41028
1169,420,-16.9238,-2.54401,5.38984
1169,421,-16.7109,-2.9999,5.34922
1169,422,-16.6057,-3.22768,5.32898
1169,423,-16.3978,-3.68577,5.28853
1169,424,-16.2946,-3.91855,5.2683
1169,425,-16.1915,-4.15486,5.24804
1169,426,-16.0884,-4.39483,5.22775
1169,427,-15.9851,-4.63828,5.20743
1169,428,-15.8814,-4.8846,5.18708
1169,429,-15.6732,-5.3827,5.14631
1169,430,-15.5689,-5.63259,5.12592
1169,431,-15.4647,-5.88192,5.10554
1169,432,-15.3608,-6.12991,5.08518
1169,433,-15.1545,-6.61965,5.04461
1169,434,-15.0489,-6.86306,5.02444
1169,435,-14.9457,-7.10508,5.00436
1169,436,-14.8427,-7.346,5.04733
1169,437,-14.7379,-7.58578,5.12198
1169,438,-14.6323,-7.82407,5.14319
1169,439,-14.5302,-7.82385,5.09306
1169,440,-14.4271,-8.05897,5.04762
1169,441,-14.2299,-8.5165,5.0226
1169,442,-14.1331,-8.96751,5.0127
1169,443,-14.0349,-9.19304,4.99958
1169,444,-13.8618,-9.60864,4.97913
1169,445,-13.8041,-9.78379,4.44574
1169,446,-13.771,-9.94296,4.05678
1360,396,-24.911,17.0737,7.06925
1360,397,-24.7781,16.8311,7.04841
1360,398,-24.6427,16.5934,7.02765
1360,399,-24.505,16.36,7.00676
1360,400,-24.505,16.36,7.00676
1360,401,-24.505,16.36,7.00676
1360,402,-24.0803,15.6796,6.94141
1360,403,-23.9358,15.4572,6.9183
1360,404,-23.7902,15.236,6.8944
1360,405,-23.6445,15.0144,6.86967
1360,406,-23.4994,14.7911,6.84411
1360,407,-23.3722,14.5401,6.81775
1360,408,-23.2766,14.2402,6.79065
1360,409,-23.2172,13.8825,6.7629
1360,410,-23.1942,13.4642,6.73458
1360,411,-23.2054,12.985,6.70581
1360,412,-23.247,12.4461,6.67671
1360,413,-23.312,11.8535,6.6474
1360,414,-23.3914,11.2175,6.61801
1360,415,-23.4777,10.5467,6.58866
1360,416,-23.6474,9.12901,6.53052
1360,417,-23.7225,8.39285,6.50193
1360,418,-23.7871,7.64389,6.47378
1360,419,-23.839,6.88531,6.44612
1360,420,-23.8767,6.11967,6.41901
1360,421,-23.8767,6.11967,6.41901
1360,422,-23.899,5.34899,6.39247
1360,423,-23.9007,4.59345,6.36653
1360,424,-23.8379,3.18168,6.3164
1360,425,-23.7727,2.56646,6.29217
1360,426,-23.6868,2.04219,6.26843
1360,427,-23.5847,1.6174,6.24514
1360,428,-23.4713,1.28889,6.22224
1360,429,-23.3501,1.05273,6.19965
1360,430,-23.2234,0.904635,6.1773
1360,431,-23.2234,0.904635,6.1773
1360,432,-22.9578,0.853212,6.13304
1360,433,-22.8186,0.938098,6.11099
1360,434,-22.8186,0.938098,6.11099
1360,435,-22.6745,1.08197,6.08892
1360,436,-22.525,1.27136,6.06676
1360,437,-22.3694,1.49519,6.04447
1360,438,-22.2073,1.74449,6.02202
1360,439,-22.0382,2.01216,5.99939
1360,440,-21.8618,2.29257,5.97656
1360,441,-21.8618,2.29257,5.97656
1360,442,-21.6779,2.5812,5.95353
1360,443,-21.4864,2.87456,5.93031
1360,444,-21.2873,3.16997,5.90692
1360,445,-21.0805,3.46534,5.88337
1360,446,-20.8662,3.75903,5.85971
1360,447,-20.6442,4.04962,5.83595
1360,448,-19.9344,4.89292,5.76459
1360,449,-19.6834,5.16225,5.7409
1360,450,-19.6834,5.16225,5.7409
1360,451,-19.4256,5.42481,5.71733
1360,452,-19.161,5.68021,5.69391
1360,453,-18.8899,5.92782,5.67068
1360,454,-18.6128,6.16706,5.64766
1360,455,-18.6128,6.16706,5.64766
1360,456,-18.0423,6.6176,5.60233
1360,457,-17.7501,6.82768,5.58004
1360,458,-17.454,7.02706,5.55802
1360,459,-17.454,7.02706,5.55802
1360,460,-17.156,7.21242,5.53625
1360,461,-17.156,7.21242,5.53625
1360,462,-16.8627,7.37153,5.51474
1360,463,-16.585,7.48532,5.49346
1360,464,-16.3308,7.5427,5.47239
1360,465,-15.7089,7.4148,5.41027
1360,466,-15.5661,7.24679,5.38983
1360,467,-15.4551,7.0172,5.36949
1360,468,-15.3729,6.72959,5.34921
1360,469,-15.3159,6.38751,5.32897
1360,470,-15.2798,5.99446,5.30874
1360,471,-15.2602,5.55369,5.28852
1360,472,-15.2512,5.07142,5.26829
1360,473,-15.2464,4.55547,5.24803
1360,474,-15.2407,4.01248,5.22774
1360,475,-15.2299,3.44808,5.20742
1360,476,-15.2109,2.86683,5.18707
1360,477,-15.1813,2.27238,5.16669
1360,478,-15.1392,1.66765,5.1463
1360,479,-15.0832,1.05504,5.12591
1360,480,-15.0124,0.436465,5.10552
1360,481,-15.0124,0.436465,5.10552
1360,482,-14.9258,-0.186384,5.08517
1360,483,-14.8229,-0.81192,5.06485
1360,484,-14.5667,-2.06422,5.02443
1360,485,-14.4131,-2.68796,5.00434
1360,486,-14.2435,-3.2971,5.04732
1360,487,-14.0627,-3.86867,5.12197
1360,488,-13.8804,-4.38345,5.1432
1360,489,-13.707,-4.83024,5.09303
1360,490,-13.549,-5.20874,5.0476
1360,491,-13.4104,-5.52196,5.02804
1360,492,-13.2932,-5.7744,5.02258
1360,493,-13.1978,-5.9728,5.01269
1360,494,-13.0621,-6.24927,5.01917
1360,495,-13.0134,-6.35172,4.97912
1360,496,-12.9788,-6.4483,4.44573
1360,497,-12.9534,-6.55129,4.05678
1360,498,-12.9246,-6.67106,4.00073
1360,499,-12.885,-6.81647,3.95105
1360,500,-12.8382,-6.98291,3.91185
1360,501,-12.8382,-6.98291,3.91185
1360,502,-12.7835,-7.17162,3.88568
1360,503,-12.7194,-7.38116,3.8749
1360,504,-12.5685,-7.84577,3.90836
1360,505,-12.3842,-8.35997,4.01348
1360,506,-12.2784,-8.63317,4.08676
1360,507,-12.1757,-8.89745,4.16855
1360,508,-12.0863,-9.13928,4.25627
1360,509,-12.0132,-9.35633,4.34868
1360,510,-11.9563,-9.55103,4.44374
1360,511,-11.9093,-9.7304,4.53702
1360,512,-11.876,-9.89355,4.6203
1552,404,-24.9788,15.3767,7.02766
1552,405,-24.8498,15.1261,7.00676
1552,406,-24.5865,14.6386,6.96379
1552,407,-24.4527,14.4008,6.94142
1552,408,-24.3179,14.1662,6.91831
1552,409,-24.1819,13.9346,6.89441
1552,410,-24.0449,13.7058,6.86968
1552,411,-23.9069,13.4792,6.84412
1552,412,-23.7675,13.2555,6.81776
1552,413,-23.627,13.0337,6.79067
1552,414,-23.486,12.8128,6.76291
1552,415,-23.3452,12.5913,6.73459
1552,416,-23.205,12.3681,6.70582
1552,417,-23.0802,12.1174,6.67672
1552,418,-22.9821,11.8183,6.64741
1552,419,-22.9145,11.4617,6.61802
1552,420,-22.8769,11.0447,6.58867
1552,421,-22.8769,11.0447,6.58867
1552,422,-22.8673,10.5667,6.55947
1552,423,-22.9505,8.81791,6.47379
1552,424,-22.9708,8.21176,6.44613
1552,425,-22.9753,7.62291,6.41902
1552,426,-22.9611,7.06415,6.39249
1552,427,-22.9177,6.57309,6.36654
1552,428,-22.8448,6.16368,6.34119
1552,429,-22.746,5.83639,6.31641
1552,430,-22.6242,5.58987,6.29218
1552,431,-22.4819,5.4216,6.26844
1552,432,-22.3208,5.328,6.24515
1552,433,-22.1418,5.30522,6.22225
1552,434,-21.9451,5.34911,6.19965
1552,435,-21.7321,5.45003,6.17731
1552,436,-21.5044,5.59525,6.15513
1552,437,-21.2636,5.77363,6.13305
1552,438,-21.0109,5.97594,6.111
1552,439,-20.7471,6.19482,6.08892
1552,440,-20.479,6.40756,6.06677
1552,441,-20.479,6.40756,6.06677
1552,442,-20.2202,6.57718,6.04448
1552,443,-19.5968,6.62151,5.97657
1552,444,-19.4417,6.48993,5.95354
1552,445,-19.4417,6.48993,5.95354
1552,446,-19.3104,6.29317,5.93032
1552,447,-19.2023,6.03117,5.90693
1552,448,-19.1155,5.70509,5.88338
1552,449,-19.0471,5.31735,5.85972
1552,450,-18.9929,4.87301,5.83596
1552,451,-18.9451,4.38819,5.81217
1552,452,-18.8942,3.89063,5.78837
1552,453,-18.7508,2.99379,5.74091
1552,454,-18.6569,2.62589,5.71734
1552,455,-18.5513,2.31491,5.69392
1552,456,-18.4391,2.04515,5.67069
1552,457,-18.3226,1.80884,5.64767
1552,458,-18.2034,1.60111,5.62488
1552,459,-18.0829,1.41528,5.60234
1552,460,-17.9624,1.24376,5.58006
1552,461,-17.9624,1.24376,5.58006
1552,462,-17.6106,0.72811,5.51475
1552,463,-17.3845,0.365277,5.4724
1552,464,-17.2744,0.164184,5.45153
1552,465,-17.1662,-0.0561368,5.43083
1552,466,-17.0591,-0.293609,5.41028
1552,467,-16.9524,-0.545219,5.38984
1552,468,-16.8457,-0.807225,5.3695
1552,469,-16.7386,-1.07568,5.34922
1552,470,-16.6312,-1.33912,5.32898
1552,471,-16.5239,-1.59379,5.30875
1552,472,-16.4171,-1.8396,5.28853
1552,473,-16.3113,-2.07724,5.2683
1552,474,-16.2066,-2.3082,5.24804
1552,475,-16.1033,-2.53426,5.22775
1552,476,-16.0011,-2.75744,5.20743
1552,477,-15.9001,-2.97987,5.18708
1552,478,-15.6998,-3.43027,5.14631
1552,479,-15.6,-3.66078,5.12592
1552,480,-15.4996,-3.89689,5.10554
1552,481,-15.4996,-3.89689,5.10554
1552,482,-15.1944,-4.63198,5.04461
1552,483,-15.0912,-4.8825,5.02444
1552,484,-14.9873,-5.13431,5.00436
1552,485,-14.8825,-5.38574,5.04733
1552,486,-14.7757,-5.63538,5.12198
1552,487,-14.6682,-5.88205,5.14319
1552,488,-14.5622,-6.125,5.09306
1552,489,-14.458,-6.36383,5.04762
1552,490,-14.3548,-6.60049,5.02806
1552,491,-14.2496,-6.83481,5.0226
1552,492,-14.1472,-7.06818,5.0127
1552,493,-14.0463,-7.30031,4.99958
1552,494,-13.9455,-7.5319,5.01918
1552,495,-13.8477,-7.759,4.97913
1552,496,-13.69,-8.20054,4.05678
1552,497,-13.6205,-8.41958,4.00073
1552,498,-13.5507,-8.64106,3.95106
1552,499,-13.4863,-8.85636,3.91185
1552,500,-13.4347,-9.05342,3.88568
1552,501,-13.4347,-9.05342,3.88568
1552,502,-13.4008,-9.22529,3.8749
1552,503,-13.3766,-9.38518,3.88191
1552,504,-13.328,-9.8368,4.01348
1552,505,-13.3241,-9.97322,4.08676
1935,345,-24.888,12.4228,6.96379
1935,346,-24.6098,11.9381,6.91831
1935,347,-24.4743,11.6912,6.8944
1935,348,-24.3407,11.4426,6.86967
1935,349,-24.2084,11.1932,6.84411
1935,350,-24.0792,10.9399,6.81776
1935,351,-23.9527,10.6832,6.79066
1935,352,-23.8276,10.4256,6.7629
1935,353,-23.5777,9.91646,6.70582
1935,354,-23.4512,9.66817,6.67671
1935,355,-23.3232,9.42528,6.64741
1935,356,-23.0647,8.95054,6.58866
1935,357,-22.9342,8.71817,6.55947
1935,358,-22.8031,8.48856,6.53053
1935,359,-22.6715,8.26102,6.50194
1935,360,-22.4079,7.80863,6.44613
1935,361,-22.4079,7.80863,6.44613
1935,362,-22.2765,7.58189,6.41902
1935,363,-22.0153,7.12326,6.36654
1935,364,-21.884,6.89571,6.34119
1935,365,-21.7519,6.67038,6.31641
1935,366,-21.4886,6.21871,6.26844
1935,367,-21.3586,5.98914,6.24515
1935,368,-21.2305,5.75574,6.22225
1935,369,-20.9799,5.27568,6.17731
1935,370,-20.8573,5.02983,6.15513
1935,371,-20.7361,4.78122,6.13305
1935,372,-20.6159,4.5309,6.111
1935,373,-20.3775,4.02993,6.06676
1935,374,-20.2594,3.77853,6.04447
1935,375,-20.2594,3.77853,6.04447
1935,376,-20.1421,3.52653,6.02202
1935,377,-20.025,3.27566,5.99939
1935,378,-19.908,3.02731,5.97656
1935,379,-19.7909,2.78256,5.95354
1935,380,-19.6738,2.54037,5.93032
1935,381,-19.6738,2.54037,5.93032
1935,382,-19.5568,2.30078,5.90692
1935,383,-19.2065,1.59743,5.83596
1935,384,-19.0901,1.36627,5.81216
1935,385,-18.974,1.13732,5.78836
1935,386,-18.7426,0.684054,5.74091
1935,387,-18.6275,0.457954,5.71734
1935,388,-18.513,0.230914,5.69392
1935,389,-18.2858,-0.229326,5.64767
1935,390,-18.1731,-0.463676,5.62488
1935,391,-18.061,-0.701062,5.60233
1935,392,-17.9494,-0.941312,5.58005
1935,393,-17.8383,-1.17893,5.55803
1935,394,-17.7278,-1.41329,5.53626
1935,395,-17.5089,-1.87712,5.49347
1935,396,-17.4003,-2.10891,5.4724
1935,397,-17.2923,-2.34182,5.45153
1935,398,-17.076,-2.8219,5.41028
1935,399,-16.9675,-3.06831,5.38984
1935,400,-16.8587,-3.31707,5.3695
1935,401,-16.8587,-3.31707,5.3695
1935,402,-16.7496,-3.56661,5.34922
1935,403,-16.4226,-4.30973,5.28853
1935,404,-16.314,-4.55371,5.26829
1935,405,-16.2063,-4.794,5.24803
1935,406,-16.0997,-5.03035,5.22774
1935,407,-15.8902,-5.49232,5.18707
1935,408,-15.7874,-5.71921,5.16669
1935,409,-15.6859,-5.94459,5.1463
1935,410,-15.486,-6.395,5.10553
1935,411,-15.387,-6.62209,5.08517
1935,412,-15.2869,-6.84871,5.06486
1935,413,-15.0954,-7.30382,5.02443
1935,414,-15.0007,-7.53516,5.00435
1935,415,-14.9049,-7.77,5.04733
1935,416,-14.8075,-8.00561,5.12198
1935,417,-14.7128,-8.23991,5.14319
1935,418,-14.6165,-8.47473,5.09306
1935,419,-14.421,-8.95099,5.02805
1935,420,-14.3295,-9.17752,5.0226
1935,421,-14.3295,-9.17752,5.0226
1935,422,-14.1649,-9.66857,5.01919
1935,423,-14.1744,-9.82917,4.44575
1935,424,-14.2015,-9.89952,4.0568
1935,425,-14.2187,-9.99037,4.00075
